"Date","Price","Open","High","Low","Vol.","Change %"
"02/09/2023","3.74","3.69","3.75","3.65","173.37K","2.47%"
"02/08/2023","3.65","3.70","3.74","3.63","218.60K","-0.54%"
"02/07/2023","3.67","3.74","3.74","3.65","273.17K","0.82%"
"02/06/2023","3.64","3.69","3.79","3.61","197.01K","-0.82%"
"02/05/2023","3.67","3.65","3.75","3.45","455.51K","-0.27%"
"02/02/2023","3.68","3.88","3.88","3.64","278.90K","-3.41%"
"02/01/2023","3.81","3.80","3.89","3.73","203.21K","1.33%"
"01/31/2023","3.76","3.90","3.97","3.74","394.13K","-3.34%"
"01/30/2023","3.89","4.05","4.06","3.80","752.58K","-3.23%"
"01/29/2023","4.02","4.09","4.15","4.00","655.15K","-2.43%"
"01/25/2023","4.12","3.95","4.16","3.92","878.75K","4.57%"
"01/24/2023","3.94","3.86","3.98","3.70","1.67M","2.07%"
"01/23/2023","3.86","3.95","3.97","3.84","168.75K","-2.28%"
"01/22/2023","3.95","3.85","4.00","3.81","342.60K","2.60%"
"01/19/2023","3.85","3.89","3.90","3.81","191.65K","0.00%"
"01/18/2023","3.85","4.00","4.00","3.81","578.14K","-3.02%"
"01/17/2023","3.97","3.95","4.00","3.91","400.87K","-0.25%"
"01/16/2023","3.98","4.00","4.03","3.93","216.78K","-0.50%"
"01/15/2023","4.00","4.01","4.04","3.92","292.99K","-0.50%"
"01/12/2023","4.02","4.09","4.10","4.01","162.54K","-0.99%"
"01/11/2023","4.06","4.02","4.20","4.02","334.19K","0.25%"
"01/10/2023","4.05","4.20","4.23","4.03","277.41K","-3.34%"
"01/09/2023","4.19","4.15","4.27","4.13","821.95K","-7.51%"
"01/05/2023","4.53","4.41","4.55","4.37","1.36M","3.19%"
"01/04/2023","4.39","4.39","4.42","3.68","1.17M","1.39%"
"01/03/2023","4.33","4.45","4.45","4.28","803.37K","-2.26%"
"01/02/2023","4.43","4.40","4.47","4.39","349.85K","1.37%"
"12/29/2022","4.37","4.35","4.44","4.32","462.56K","1.39%"
"12/28/2022","4.31","4.35","4.38","4.30","188.08K","0.00%"
"12/27/2022","4.31","4.35","4.38","4.30","767.24K","1.17%"
"12/26/2022","4.26","4.15","4.31","4.15","726.18K","1.91%"
"12/25/2022","4.18","4.22","4.29","4.11","1.10M","0.72%"
"12/22/2022","4.15","4.03","4.28","3.96","1.08M","4.01%"
"12/21/2022","3.99","4.01","4.04","3.96","222.64K","-0.25%"
"12/20/2022","4.00","4.01","4.12","3.98","147.81K","-0.25%"
"12/19/2022","4.01","4.06","4.07","3.90","308.59K","0.00%"
"12/18/2022","4.01","4.15","4.17","4.00","427.16K","-2.91%"
"12/15/2022","4.13","4.22","4.23","4.09","439.15K","-0.96%"
"12/14/2022","4.17","4.20","4.20","4.08","736.07K","0.48%"
"12/13/2022","4.15","3.94","4.21","3.93","1.03M","6.41%"
"12/12/2022","3.90","3.93","3.97","3.82","398.69K","-0.51%"
"12/11/2022","3.92","3.87","4.02","3.79","1.67M","2.62%"
"12/08/2022","3.82","3.83","3.88","3.77","454.67K","0.00%"
"12/07/2022","3.82","3.75","3.84","3.73","766.38K","1.87%"
"12/06/2022","3.75","3.74","3.76","3.66","498.42K","0.81%"
"12/05/2022","3.72","3.75","3.77","3.69","382.06K","0.54%"
"12/04/2022","3.70","3.71","3.80","3.69","2.11M","0.00%"
"12/01/2022","3.70","3.70","3.79","3.68","1.29M","0.00%"
"11/30/2022","3.70","3.73","3.84","3.66","422.84K","-1.33%"
"11/29/2022","3.75","3.64","3.80","3.64","659.52K","3.31%"
"11/28/2022","3.63","3.66","3.69","3.55","429.83K","-0.55%"
"11/27/2022","3.65","3.64","3.68","3.62","793.95K","1.67%"
"11/24/2022","3.59","3.46","3.62","3.45","1.02M","3.76%"
"11/23/2022","3.46","3.49","3.50","3.43","154.19K","0.29%"
"11/22/2022","3.45","3.45","3.47","3.36","146.74K","0.88%"
"11/21/2022","3.42","3.46","3.52","3.40","324.84K","-1.72%"
"11/20/2022","3.48","3.49","3.56","3.46","412.76K","-0.29%"
"11/17/2022","3.49","3.48","3.54","3.43","629.63K","-0.29%"
"11/16/2022","3.50","3.40","3.55","3.39","1.18M","2.64%"
"11/15/2022","3.41","3.21","3.47","3.21","1.67M","6.90%"
"11/14/2022","3.19","3.22","3.22","3.17","393.63K","-0.31%"
"11/13/2022","3.20","3.17","3.22","3.16","327.77K","1.59%"
"11/10/2022","3.15","3.14","3.17","3.08","577.68K","0.96%"
"11/09/2022","3.12","3.12","3.17","3.08","156.16K","-1.27%"
"11/08/2022","3.16","3.25","3.25","3.11","252.29K","-0.32%"
"11/07/2022","3.17","3.19","3.20","3.13","276.99K","1.28%"
"11/06/2022","3.13","3.07","3.22","3.07","605.67K","0.64%"
"11/03/2022","3.11","3.17","3.17","3.09","280.25K","0.00%"
"11/02/2022","3.11","3.21","3.21","3.08","353.30K","-2.81%"
"11/01/2022","3.20","3.27","3.29","3.18","224.45K","-1.54%"
"10/31/2022","3.25","3.17","3.25","3.17","1.09M","2.85%"
"10/30/2022","3.16","3.15","3.19","3.10","1.19M","1.61%"
"10/27/2022","3.11","3.07","3.15","3.07","801.13K","1.63%"
"10/26/2022","3.06","3.03","3.10","3.03","504.68K","2.00%"
"10/25/2022","3.00","3.05","3.07","2.98","472.05K","-0.66%"
"10/24/2022","3.02","3.05","3.09","2.98","1.07M","-0.98%"
"10/23/2022","3.05","2.98","3.09","2.97","1.00M","4.10%"
"10/20/2022","2.93","2.90","3.00","2.85","871.47K","2.45%"
"10/19/2022","2.86","2.97","2.97","2.85","1.32M","-2.39%"
"10/18/2022","2.93","2.87","3.01","2.81","2.07M","3.90%"
"10/17/2022","2.82","2.83","2.85","2.79","853.89K","0.36%"
"10/16/2022","2.81","2.86","2.87","2.79","508.35K","-1.06%"
"10/13/2022","2.84","2.75","2.86","2.75","501.39K","1.79%"
"10/12/2022","2.79","2.93","2.93","2.77","434.93K","-3.13%"
"10/11/2022","2.88","2.94","2.95","2.87","136.77K","-1.37%"
"10/10/2022","2.92","2.97","2.99","2.91","211.86K","-2.01%"
"10/09/2022","2.98","3.04","3.04","2.95","195.44K","-0.33%"
"10/05/2022","2.99","3.06","3.09","2.97","301.13K","-1.97%"
"10/04/2022","3.05","3.08","3.10","3.02","402.84K","1.33%"
"10/03/2022","3.01","3.04","3.10","2.98","439.68K","0.33%"
"10/02/2022","3.00","3.02","3.13","3.00","839.00K","1.35%"
"09/29/2022","2.96","3.00","3.01","2.96","572.78K","1.27%"
"09/28/2022","2.92","3.00","3.03","2.90","727.22K","-1.56%"
"09/27/2022","2.97","3.03","3.04","2.96","446.01K","-1.53%"
"09/26/2022","3.02","3.04","3.04","3.01","193.11K","-1.21%"
"09/25/2022","3.05","3.09","3.09","3.03","384.61K","0.92%"
"09/22/2022","3.02","3.01","3.07","3.01","147.13K","-0.91%"
"09/21/2022","3.05","3.13","3.13","3.01","457.79K","-2.37%"
"09/20/2022","3.13","3.08","3.15","2.98","293.36K","1.20%"
"09/19/2022","3.09","2.94","3.11","2.87","211.26K","3.73%"
"09/18/2022","2.98","3.14","3.14","2.87","753.03K","-5.57%"
"09/15/2022","3.15","3.19","3.21","3.14","350.33K","-1.45%"
"09/14/2022","3.20","3.24","3.27","3.15","325.87K","-1.42%"
"09/13/2022","3.25","3.28","3.30","3.24","141.24K","-0.57%"
"09/12/2022","3.27","3.28","3.31","3.26","189.63K","-1.12%"
"09/11/2022","3.30","3.33","3.34","3.27","324.06K","0.00%"
"09/08/2022","3.30","3.27","3.34","3.27","594.09K","0.85%"
"09/07/2022","3.27","3.27","3.34","3.23","831.63K","1.14%"
"09/06/2022","3.24","3.25","3.27","3.19","589.99K","-0.28%"
"09/05/2022","3.25","3.29","3.33","3.19","421.21K","0.00%"
"09/04/2022","3.25","3.14","3.30","3.12","747.34K","2.33%"
"09/01/2022","3.17","3.30","3.32","3.12","721.07K","-3.92%"
"08/31/2022","3.30","3.32","3.38","3.29","1.13M","0.00%"
"08/30/2022","3.30","3.24","3.40","3.17","2.42M","3.18%"
"08/29/2022","3.20","3.14","3.27","3.10","1.67M","4.22%"
"08/28/2022","3.07","3.14","3.17","3.03","424.40K","-0.90%"
"08/25/2022","3.10","3.02","3.13","3.02","421.41K","3.08%"
"08/24/2022","3.01","3.07","3.13","2.97","666.41K","-2.40%"
"08/23/2022","3.08","3.19","3.19","3.05","673.98K","-1.48%"
"08/22/2022","3.13","3.19","3.23","3.09","836.87K","-1.17%"
"08/21/2022","3.16","3.17","3.23","3.15","499.69K","0.59%"
"08/18/2022","3.14","3.14","3.16","3.08","513.32K","1.80%"
"08/17/2022","3.09","3.10","3.12","3.05","651.69K","0.30%"
"08/16/2022","3.08","3.14","3.19","3.07","597.62K","-2.06%"
"08/15/2022","3.14","3.28","3.31","3.11","1.26M","-1.45%"
"08/14/2022","3.19","3.05","3.30","3.05","3.56M","4.86%"
"08/11/2022","3.04","3.02","3.07","2.96","1.25M","2.81%"
"08/10/2022","2.96","3.09","3.10","2.91","2.35M","-2.44%"
"08/09/2022","3.03","2.91","3.14","2.91","4.50M","5.13%"
"08/08/2022","2.89","2.87","2.97","2.85","1.93M","1.63%"
"08/07/2022","2.84","2.80","2.85","2.75","1.02M","2.68%"
"08/04/2022","2.77","2.68","2.79","2.65","1.80M","2.75%"
"08/03/2022","2.69","2.75","2.77","2.68","1.30M","-2.02%"
"08/02/2022","2.75","2.91","2.91","2.73","2.51M","-6.60%"
"08/01/2022","2.94","2.95","2.99","2.92","220.33K","-0.31%"
"07/31/2022","2.95","3.02","3.03","2.94","397.43K","0.31%"
"07/28/2022","2.94","3.02","3.02","2.93","224.22K","-0.93%"
"07/27/2022","2.97","3.05","3.05","2.96","819.05K","-1.83%"
"07/26/2022","3.02","2.98","3.11","2.98","1.10M","1.55%"
"07/25/2022","2.98","2.96","2.99","2.92","269.99K","0.63%"
"07/24/2022","2.96","2.96","3.02","2.96","268.72K","1.27%"
"07/21/2022","2.92","2.83","2.95","2.82","619.47K","5.33%"
"07/20/2022","2.77","2.80","2.82","2.76","276.34K","0.00%"
"07/19/2022","2.77","2.78","2.79","2.71","199.54K","1.35%"
"07/18/2022","2.74","2.73","2.80","2.71","324.54K","-1.33%"
"07/17/2022","2.77","2.77","2.81","2.70","76.91K","0.00%"
"07/07/2022","2.77","2.71","2.82","2.71","329.40K","1.01%"
"07/06/2022","2.75","2.73","2.76","2.67","134.43K","2.77%"
"07/05/2022","2.67","2.67","2.73","2.61","247.69K","-0.69%"
"07/04/2022","2.69","2.82","2.82","2.68","174.83K","-2.02%"
"07/03/2022","2.75","2.87","2.87","2.70","252.40K","-4.19%"
"06/29/2022","2.87","2.85","2.90","2.84","153.99K","0.32%"
"06/28/2022","2.86","2.84","2.93","2.77","270.07K","0.32%"
"06/27/2022","2.85","2.94","2.94","2.85","407.50K","-3.45%"
"06/26/2022","2.95","3.02","3.02","2.94","84.54K","0.00%"
"06/23/2022","2.95","2.94","2.98","2.94","121.39K","-0.62%"
"06/22/2022","2.97","3.01","3.01","2.96","136.53K","-1.83%"
"06/21/2022","3.02","3.00","3.02","2.97","357.32K","2.19%"
"06/20/2022","2.96","2.98","3.01","2.92","292.67K","-0.93%"
"06/19/2022","2.99","3.03","3.06","2.98","206.22K","-2.42%"
"06/16/2022","3.06","3.05","3.08","3.05","217.52K","0.00%"
"06/15/2022","3.06","3.10","3.13","3.05","318.96K","-1.49%"
"06/14/2022","3.11","3.01","3.13","2.98","356.10K","3.07%"
"06/13/2022","3.02","3.08","3.12","3.02","280.87K","-2.10%"
"06/12/2022","3.08","3.05","3.09","3.02","285.12K","-0.60%"
"06/09/2022","3.10","3.17","3.17","3.07","326.03K","-1.18%"
"06/08/2022","3.14","3.04","3.15","3.04","1.14M","4.31%"
"06/07/2022","3.01","2.90","3.03","2.90","1.32M","3.50%"
"06/06/2022","2.90","2.95","2.96","2.89","441.12K","-0.63%"
"06/05/2022","2.92","2.94","2.95","2.91","106.20K","0.00%"
"06/02/2022","2.92","2.91","2.97","2.90","228.55K","0.32%"
"06/01/2022","2.91","2.94","3.02","2.90","508.85K","0.32%"
"05/31/2022","2.90","2.91","2.95","2.90","95.37K","0.00%"
"05/30/2022","2.90","2.95","2.95","2.87","218.63K","0.96%"
"05/29/2022","2.88","2.91","2.96","2.84","251.56K","-3.42%"
"05/26/2022","2.98","3.05","3.09","2.90","340.95K","-2.13%"
"05/25/2022","3.04","3.16","3.16","2.97","406.91K","-5.19%"
"05/24/2022","3.21","3.27","3.30","3.19","462.73K","-2.25%"
"05/23/2022","3.28","3.35","3.35","3.26","182.28K","-1.11%"
"05/22/2022","3.32","3.27","3.34","3.27","233.17K","0.56%"
"05/19/2022","3.30","3.35","3.35","3.24","1.00M","-2.19%"
"05/18/2022","3.38","3.41","3.42","3.35","400.37K","0.27%"
"05/17/2022","3.37","3.45","3.45","3.35","324.45K","-0.82%"
"05/16/2022","3.39","3.42","3.42","3.35","190.20K","-0.54%"
"05/15/2022","3.41","3.44","3.47","3.39","498.22K","-0.81%"
"05/12/2022","3.44","3.47","3.47","3.41","688.82K","-0.80%"
"05/11/2022","3.47","3.53","3.55","3.45","1.14M","-0.79%"
"05/10/2022","3.50","3.45","3.59","3.41","1.31M","2.44%"
"05/09/2022","3.41","3.51","3.51","3.39","360.60K","-2.38%"
"05/08/2022","3.50","3.50","3.57","3.46","454.25K","0.27%"
"04/28/2022","3.49","3.42","3.54","3.41","1.14M","1.62%"
"04/27/2022","3.43","3.51","3.51","3.39","442.00K","-1.33%"
"04/26/2022","3.48","3.60","3.60","3.46","575.17K","-2.84%"
"04/21/2022","3.58","3.51","3.64","3.47","1.09M","1.84%"
"04/20/2022","3.51","3.52","3.61","3.50","540.52K","-1.81%"
"04/19/2022","3.58","3.53","3.64","3.53","746.79K","-21.02%"
"04/18/2022","4.53","4.57","4.58","4.47","1.45M","0.00%"
"04/17/2022","4.53","4.58","4.69","4.51","757.24K","-1.01%"
"04/14/2022","4.58","4.75","4.75","4.55","1.05M","-3.51%"
"04/13/2022","4.75","4.75","4.82","4.73","496.65K","0.20%"
"04/12/2022","4.74","4.75","4.85","4.71","542.36K","-0.39%"
"04/11/2022","4.75","4.81","4.83","4.72","332.44K","0.00%"
"04/10/2022","4.75","4.83","4.89","4.70","516.60K","-1.53%"
"04/07/2022","4.83","5.04","5.04","4.78","1.45M","-2.97%"
"04/06/2022","4.98","5.07","5.07","4.95","800.37K","-2.18%"
"04/05/2022","5.09","5.03","5.18","5.01","1.37M","2.04%"
"04/04/2022","4.99","4.91","5.01","4.86","731.61K","1.51%"
"04/03/2022","4.91","4.89","4.97","4.89","441.78K","0.57%"
"03/31/2022","4.88","4.87","4.90","4.81","461.13K","0.76%"
"03/30/2022","4.85","4.88","4.94","4.81","739.13K","0.19%"
"03/29/2022","4.84","4.83","4.88","4.77","535.44K","0.58%"
"03/28/2022","4.81","4.81","4.97","4.75","1.44M","0.78%"
"03/27/2022","4.77","4.87","4.91","4.67","1.02M","-0.77%"
"03/24/2022","4.81","4.90","4.90","4.77","1.24M","-0.57%"
"03/23/2022","4.84","4.71","4.91","4.70","2.15M","3.98%"
"03/22/2022","4.65","4.74","4.77","4.63","1.28M","0.00%"
"03/21/2022","4.65","4.56","4.74","4.56","1.53M","1.82%"
"03/20/2022","4.57","4.59","4.61","4.50","1.15M","1.02%"
"03/17/2022","4.52","4.50","4.59","4.49","1.10M","1.24%"
"03/16/2022","4.47","4.38","4.50","4.38","1.28M","3.43%"
"03/15/2022","4.32","4.35","4.42","4.30","1.26M","-1.27%"
"03/14/2022","4.38","4.36","4.38","4.30","532.88K","0.21%"
"03/13/2022","4.37","4.51","4.51","4.35","1.31M","-2.28%"
"03/10/2022","4.47","4.53","4.57","4.44","1.07M","-1.23%"
"03/09/2022","4.52","4.49","4.60","4.44","904.71K","1.87%"
"03/08/2022","4.44","4.45","4.54","4.41","843.41K","-0.62%"
"03/07/2022","4.47","4.59","4.59","4.45","936.26K","-2.62%"
"03/06/2022","4.59","4.58","4.62","4.55","460.43K","-0.20%"
"03/03/2022","4.60","4.62","4.72","4.58","1.75M","0.20%"
"03/02/2022","4.59","4.58","4.65","4.56","742.89K","-1.00%"
"03/01/2022","4.63","4.60","4.68","4.60","1.15M","1.42%"
"02/28/2022","4.57","4.63","4.65","4.54","1.16M","-2.18%"
"02/27/2022","4.67","4.64","4.72","4.59","2.15M","4.55%"
"02/24/2022","4.47","4.53","4.65","4.30","3.18M","-8.17%"
"02/23/2022","4.87","4.76","5.03","4.72","4.15M","2.94%"
"02/22/2022","4.73","4.76","4.81","4.62","3.36M","0.20%"
"02/21/2022","4.72","4.67","4.79","4.49","5.43M","10.15%"
"02/20/2022","4.28","4.38","4.38","4.25","99.75K","-2.32%"
"02/17/2022","4.38","4.32","4.43","4.32","128.08K","0.42%"
"02/16/2022","4.37","4.38","4.43","4.35","54.99K","0.00%"
"02/15/2022","4.37","4.34","4.43","4.22","479.44K","2.83%"
"02/14/2022","4.25","4.17","4.35","4.10","442.85K","0.00%"
"02/13/2022","4.25","4.54","4.54","4.17","655.59K","-7.09%"
"02/10/2022","4.57","4.72","4.81","4.51","1.15M","-2.37%"
"02/09/2022","4.68","4.49","4.78","4.42","1.09M","5.20%"
"02/08/2022","4.45","4.39","4.52","4.39","243.40K","0.84%"
"02/07/2022","4.41","4.46","4.50","4.38","222.50K","0.00%"
"02/06/2022","4.41","4.46","4.48","4.38","204.21K","-0.83%"
"02/03/2022","4.45","4.54","4.54","4.41","469.99K","-1.84%"
"02/02/2022","4.53","4.39","4.57","4.34","740.10K","6.29%"
"02/01/2022","4.26","4.21","4.34","4.19","294.34K","2.67%"
"01/31/2022","4.15","4.07","4.21","4.07","97.59K","2.75%"
"01/30/2022","4.04","4.16","4.18","3.99","141.40K","-2.02%"
"01/26/2022","4.13","4.24","4.24","4.11","155.90K","-0.67%"
"01/25/2022","4.15","4.16","4.23","4.10","350.38K","-0.44%"
"01/24/2022","4.17","4.24","4.33","3.98","374.00K","-3.22%"
"01/23/2022","4.31","4.47","4.47","4.21","578.98K","-3.32%"
"01/20/2022","4.46","4.37","4.57","4.36","988.50K","1.69%"
"01/19/2022","4.38","4.49","4.53","4.33","679.98K","-2.07%"
"01/18/2022","4.48","4.43","4.53","4.39","310.71K","2.98%"
"01/17/2022","4.35","4.40","4.48","4.31","288.86K","-1.26%"
"01/16/2022","4.40","4.55","4.58","4.35","443.22K","-3.05%"
"01/13/2022","4.54","4.62","4.72","4.49","596.72K","-2.00%"
"01/12/2022","4.63","4.73","4.80","4.53","535.73K","-2.15%"
"01/11/2022","4.74","4.89","4.90","4.70","794.99K","-2.85%"
"01/10/2022","4.87","4.91","4.96","4.81","1.04M","-0.38%"
"01/09/2022","4.89","4.83","4.91","4.77","526.51K","1.93%"
"01/05/2022","4.80","4.74","4.93","4.74","1.97M","2.57%"
"01/04/2022","4.68","4.72","4.76","4.62","1.16M","0.20%"
"01/03/2022","4.67","4.66","4.77","4.61","1.18M","0.20%"
"01/02/2022","4.66","4.71","4.77","4.59","1.53M","0.60%"
"12/30/2021","4.63","4.76","4.79","4.58","1.44M","-3.09%"
"12/29/2021","4.78","4.80","4.89","4.74","79.11K","-0.19%"
"12/28/2021","4.79","4.72","4.81","4.69","174.15K","0.97%"
"12/27/2021","4.75","4.82","4.90","4.72","347.13K","-2.10%"
"12/26/2021","4.85","4.94","5.02","4.83","499.53K","-1.69%"
"12/23/2021","4.93","4.87","4.99","4.86","405.92K","-1.66%"
"12/22/2021","5.01","5.14","5.14","4.95","401.79K","-1.45%"
"12/21/2021","5.09","5.02","5.27","4.99","989.52K","2.42%"
"12/20/2021","4.97","4.58","5.04","4.53","1.30M","7.62%"
"12/19/2021","4.62","4.75","4.75","4.58","138.82K","-2.73%"
"12/16/2021","4.75","4.86","4.86","4.69","68.62K","0.00%"
"12/15/2021","4.75","4.62","4.99","4.54","382.63K","2.60%"
"12/14/2021","4.62","4.76","4.84","4.58","559.44K","-3.29%"
"12/13/2021","4.78","4.78","4.98","4.78","352.16K","-1.90%"
"12/12/2021","4.87","4.90","4.92","4.75","188.82K","1.15%"
"12/09/2021","4.82","4.95","5.06","4.77","246.83K","-2.25%"
"12/08/2021","4.93","4.50","5.04","4.50","1.46M","11.27%"
"12/07/2021","4.43","4.63","4.63","4.39","575.35K","-5.34%"
"12/06/2021","4.68","4.49","4.81","4.35","2.07M","6.08%"
"12/05/2021","4.41","4.16","4.49","4.07","1.32M","7.19%"
"12/02/2021","4.12","4.18","4.30","4.07","933.93K","-2.41%"
"12/01/2021","4.22","4.16","4.36","4.16","385.16K","-0.44%"
"11/30/2021","4.24","4.03","4.36","4.01","765.13K","4.33%"
"11/29/2021","4.06","4.08","4.19","3.98","173.20K","0.00%"
"11/28/2021","4.06","3.84","4.10","3.80","540.49K","0.23%"
"11/25/2021","4.05","3.88","4.07","3.79","510.35K","6.31%"
"11/24/2021","3.81","3.86","3.88","3.71","477.27K","0.49%"
"11/23/2021","3.79","3.88","3.91","3.76","389.25K","-2.15%"
"11/22/2021","3.88","3.70","3.88","3.70","80.49K","4.75%"
"11/21/2021","3.70","3.88","3.96","3.70","267.47K","-5.88%"
"11/18/2021","3.93","3.98","3.98","3.86","137.70K","0.47%"
"11/17/2021","3.91","3.98","4.05","3.86","97.85K","-1.86%"
"11/16/2021","3.99","3.90","4.05","3.84","55.86K","0.00%"
"11/15/2021","3.99","4.03","4.07","3.89","195.77K","-3.79%"
"11/14/2021","4.14","4.12","4.27","4.01","166.37K","2.99%"
"11/11/2021","4.02","3.81","4.02","3.81","146.12K","6.10%"
"11/10/2021","3.79","3.99","3.99","3.76","430.94K","-5.75%"
"11/09/2021","4.02","4.08","4.09","3.98","95.00K","-1.36%"
"11/08/2021","4.08","4.12","4.12","4.02","42.06K","0.00%"
"11/07/2021","4.08","4.35","4.44","3.98","315.61K","1.38%"
"11/04/2021","4.02","4.00","4.12","3.79","401.80K","-4.40%"
"11/03/2021","4.21","3.99","4.44","3.99","136.13K","1.56%"
"11/02/2021","4.14","4.16","4.16","3.99","73.09K","2.52%"
"11/01/2021","4.04","4.07","4.15","3.99","178.40K","1.16%"
"10/31/2021","4.00","4.03","4.07","3.89","469.75K","4.85%"
"10/28/2021","3.81","3.98","3.98","3.74","188.58K","1.23%"
"10/27/2021","3.76","3.61","3.93","3.48","376.75K","-5.79%"
"10/26/2021","4.00","3.98","4.05","3.73","38.31K","0.00%"
"10/25/2021","4.00","4.07","4.07","3.70","126.71K","-2.04%"
"10/24/2021","4.08","3.90","4.28","3.90","221.24K","-3.92%"
"10/20/2021","4.25","4.43","4.58","3.51","2.19M","-3.37%"
"10/19/2021","4.39","4.81","4.81","4.35","157.04K","-5.75%"
"10/18/2021","4.66","4.94","4.94","4.63","135.43K","-3.08%"
"10/17/2021","4.81","4.89","5.04","4.77","281.98K","1.36%"
"10/14/2021","4.75","4.90","4.92","4.65","45.91K","0.00%"
"10/13/2021","4.75","4.99","4.99","4.70","146.57K","-2.10%"
"10/12/2021","4.85","4.90","5.04","4.80","101.94K","-0.76%"
"10/11/2021","4.88","4.77","4.99","4.75","62.83K","1.93%"
"10/10/2021","4.79","4.74","4.86","4.63","204.98K","3.39%"
"10/06/2021","4.63","4.71","4.74","4.55","44.33K","0.00%"
"10/05/2021","4.63","4.63","4.72","4.62","73.56K","-1.38%"
"10/04/2021","4.70","4.75","4.75","4.62","29.33K","0.00%"
"10/03/2021","4.70","4.75","4.81","4.69","70.10K","-0.78%"
"09/30/2021","4.74","4.86","4.86","4.81","42.10K","0.00%"
"09/29/2021","4.74","4.62","5.06","4.53","551.02K","2.81%"
"09/28/2021","4.61","4.62","4.68","4.53","273.06K","-1.19%"
"09/27/2021","4.66","4.76","4.81","4.62","238.17K","-2.33%"
"09/26/2021","4.77","4.73","4.84","4.73","112.95K","1.38%"
"09/23/2021","4.71","4.67","4.81","4.65","542.71K","-0.20%"
"09/22/2021","4.72","4.54","4.81","4.46","103.44K","2.00%"
"09/21/2021","4.62","4.68","4.95","4.44","494.64K","-6.89%"
"09/20/2021","4.97","5.09","5.25","4.92","142.44K","-2.89%"
"09/19/2021","5.12","5.36","5.50","5.09","90.62K","-4.66%"
"09/16/2021","5.36","5.55","5.67","5.34","108.02K","-2.36%"
"09/15/2021","5.49","5.53","5.73","5.41","491.52K","0.00%"
"09/14/2021","5.49","5.29","5.55","5.27","401.97K","3.66%"
"09/13/2021","5.30","5.42","5.46","5.20","204.70K","1.96%"
"09/12/2021","5.20","5.18","5.45","5.18","167.42K","3.50%"
"09/09/2021","5.02","5.14","5.14","5.00","65.12K","-2.86%"
"09/08/2021","5.17","5.01","5.40","4.81","167.79K","3.14%"
"09/07/2021","5.01","4.88","5.26","4.87","145.23K","0.37%"
"09/06/2021","4.99","5.24","5.30","4.86","251.99K","-7.85%"
"09/05/2021","5.42","5.58","5.58","5.36","17.39K","0.00%"
"09/02/2021","5.42","5.41","5.55","5.34","304.90K","-0.68%"
"09/01/2021","5.46","5.36","5.52","5.36","171.00K","1.37%"
"08/31/2021","5.38","5.55","5.55","5.35","167.40K","-2.84%"
"08/30/2021","5.54","5.49","5.60","5.40","443.47K","3.10%"
"08/29/2021","5.37","5.09","5.55","5.09","157.39K","-1.53%"
"08/26/2021","5.46","5.50","5.63","5.37","161.06K","-0.67%"
"08/25/2021","5.49","5.60","5.67","5.46","191.25K","-3.10%"
"08/24/2021","5.67","5.71","6.00","5.49","317.93K","1.49%"
"08/23/2021","5.59","5.41","5.73","5.29","632.26K","6.53%"
"08/22/2021","5.24","5.27","5.29","5.13","277.95K","-3.08%"
"08/19/2021","5.41","5.52","5.55","5.18","213.03K","-1.35%"
"08/18/2021","5.49","5.58","5.58","5.45","162.88K","-1.66%"
"08/17/2021","5.58","5.45","5.69","5.45","301.14K","0.84%"
"08/16/2021","5.53","5.40","5.69","5.36","842.33K","2.40%"
"08/15/2021","5.40","5.44","5.55","5.35","451.31K","-2.34%"
"08/11/2021","5.53","5.61","5.75","5.41","1.08M","-0.99%"
"08/10/2021","5.59","5.47","5.77","5.47","555.86K","1.17%"
"08/09/2021","5.52","5.78","5.78","5.39","585.24K","-2.61%"
"08/08/2021","5.67","5.66","5.73","5.56","321.03K","0.49%"
"08/05/2021","5.64","5.55","5.78","5.55","1.03M","-0.97%"
"08/04/2021","5.70","5.73","5.83","5.57","413.44K","-3.14%"
"08/03/2021","5.88","6.01","6.10","5.56","477.29K","-4.07%"
"08/02/2021","6.13","6.42","6.42","5.98","705.70K","-1.34%"
"08/01/2021","6.22","6.13","6.72","6.13","217.31K","-2.18%"
"07/29/2021","6.35","6.52","6.52","6.10","401.42K","-3.65%"
"07/28/2021","6.60","6.49","6.94","6.45","418.46K","2.30%"
"07/27/2021","6.45","6.06","6.70","6.06","850.67K","5.77%"
"07/26/2021","6.10","6.08","6.24","5.95","749.13K","-1.35%"
"07/25/2021","6.18","6.29","6.34","6.01","582.70K","-3.19%"
"07/18/2021","6.38","6.47","6.60","6.15","1.01M","3.45%"
"07/15/2021","6.17","5.97","6.36","5.97","1.56M","5.21%"
"07/14/2021","5.86","5.73","5.98","5.66","1.57M","3.76%"
"07/13/2021","5.65","5.65","5.70","5.60","363.15K","-0.16%"
"07/12/2021","5.66","5.73","5.73","5.61","465.13K","0.49%"
"07/11/2021","5.63","5.57","5.73","5.57","192.66K","-0.81%"
"07/08/2021","5.68","5.85","5.86","5.60","440.61K","-2.69%"
"07/07/2021","5.84","5.83","5.92","5.74","866.81K","-0.16%"
"07/06/2021","5.85","5.76","6.00","5.55","1.61M","0.16%"
"07/05/2021","5.84","5.73","5.94","5.67","1.57M","3.10%"
"07/04/2021","5.66","5.55","5.73","5.55","326.12K","3.03%"
"06/30/2021","5.49","5.47","5.62","5.46","145.10K","-1.33%"
"06/29/2021","5.57","5.41","5.64","5.41","178.40K","0.33%"
"06/28/2021","5.55","5.46","5.78","5.36","345.28K","1.52%"
"06/27/2021","5.47","5.51","5.53","5.33","320.36K","-0.84%"
"06/24/2021","5.51","5.60","5.60","5.38","231.84K","-0.83%"
"06/23/2021","5.56","5.66","5.68","5.46","444.91K","-2.59%"
"06/22/2021","5.71","5.85","5.85","5.60","671.99K","-0.64%"
"06/21/2021","5.74","5.82","5.86","5.62","1.71M","0.00%"
"06/20/2021","5.74","5.59","5.95","5.47","2.43M","1.80%"
"06/17/2021","5.64","5.55","5.83","5.47","1.91M","5.72%"
"06/16/2021","5.34","5.07","5.54","4.99","2.06M","5.10%"
"06/15/2021","5.08","5.17","5.27","4.98","1.37M","-0.54%"
"06/14/2021","5.11","5.09","5.25","4.92","691.11K","-3.66%"
"06/13/2021","5.30","5.49","5.49","4.92","1.76M","-2.22%"
"06/10/2021","5.42","5.32","5.59","5.21","612.93K","1.21%"
"06/09/2021","5.36","5.53","5.53","5.20","564.59K","-3.02%"
"06/08/2021","5.52","5.50","5.69","5.36","1.20M","0.51%"
"06/07/2021","5.49","5.32","5.61","5.24","1.35M","0.85%"
"06/06/2021","5.45","5.77","5.77","5.21","1.53M","-3.76%"
"06/03/2021","5.66","5.67","5.86","5.46","1.67M","-1.77%"
"06/02/2021","5.76","5.70","6.01","5.59","3.97M","1.47%"
"06/01/2021","5.68","5.69","5.86","5.46","2.03M","3.37%"
"05/31/2021","5.49","5.50","5.73","5.24","3.67M","5.69%"
"05/30/2021","5.20","4.97","5.47","4.90","3.30M","4.07%"
"05/27/2021","4.99","5.25","5.26","4.84","1.18M","-0.18%"
"05/26/2021","5.00","5.14","5.18","4.75","1.60M","2.46%"
"05/25/2021","4.88","4.82","5.13","4.62","2.59M","-4.35%"
"05/24/2021","5.11","5.36","5.56","4.92","5.74M","-6.60%"
"05/23/2021","5.47","5.41","5.69","5.24","3.89M","7.65%"
"05/20/2021","5.08","4.80","5.23","4.76","3.07M","6.81%"
"05/19/2021","4.75","4.45","4.82","4.40","3.73M","8.44%"
"05/18/2021","4.38","4.39","4.50","4.24","2.50M","4.18%"
"05/17/2021","4.21","4.06","4.38","3.88","4.98M","5.81%"
"05/11/2021","3.98","3.93","4.14","3.84","3.01M","8.59%"
"05/10/2021","3.66","3.43","3.76","3.43","1.71M","7.03%"
"05/09/2021","3.42","3.45","3.49","3.37","359.52K","-0.80%"
"05/06/2021","3.45","3.56","3.56","3.40","894.33K","-2.36%"
"05/05/2021","3.53","3.52","3.65","3.46","2.39M","4.95%"
"05/04/2021","3.37","3.24","3.50","3.19","3.53M","5.81%"
"04/28/2021","3.18","3.17","3.23","3.14","345.03K","-2.82%"
"04/27/2021","3.27","3.27","3.33","3.23","510.35K","1.72%"
"04/26/2021","3.22","3.27","3.27","3.14","547.84K","-1.97%"
"04/25/2021","3.28","3.23","3.37","3.18","1.33M","3.80%"
"04/22/2021","3.16","3.13","3.25","3.11","650.75K","1.18%"
"04/21/2021","3.13","3.14","3.16","3.03","597.35K","0.60%"
"04/20/2021","3.11","3.06","3.19","3.01","1.11M","-1.47%"
"04/19/2021","3.15","3.10","3.23","3.08","719.74K","3.02%"
"04/18/2021","3.06","3.10","3.12","3.02","164.55K","2.80%"
"04/15/2021","2.98","3.04","3.05","2.91","283.85K","0.00%"
"04/14/2021","2.98","3.10","3.11","2.90","253.04K","-6.67%"
"04/13/2021","3.19","3.28","3.28","3.11","478.83K","-2.54%"
"04/12/2021","3.27","3.18","3.38","3.14","2.01M","5.99%"
"04/11/2021","3.09","3.04","3.14","2.96","752.60K","4.05%"
"04/08/2021","2.97","3.02","3.03","2.93","598.73K","-0.93%"
"04/07/2021","3.00","3.01","3.05","2.93","328.75K","1.25%"
"04/06/2021","2.96","2.96","3.10","2.83","618.69K","0.31%"
"04/05/2021","2.95","3.01","3.05","2.82","631.80K","-3.63%"
"04/04/2021","3.06","3.11","3.18","3.01","507.80K","-2.93%"
"04/01/2021","3.15","3.20","3.22","3.10","362.94K","0.89%"
"03/31/2021","3.13","3.12","3.22","3.06","629.88K","-2.87%"
"03/30/2021","3.22","3.27","3.31","3.15","422.11K","2.96%"
"03/29/2021","3.13","3.05","3.25","3.02","1.06M","3.05%"
"03/28/2021","3.03","3.01","3.10","2.98","799.34K","5.47%"
"03/25/2021","2.88","2.91","3.01","2.75","837.94K","-5.47%"
"03/24/2021","3.04","3.19","3.20","2.83","748.85K","0.00%"
"03/23/2021","3.04","3.28","3.28","2.97","872.11K","-7.58%"
"03/22/2021","3.29","3.42","3.48","3.23","1.17M","-8.01%"
"03/21/2021","3.58","3.70","3.79","3.37","374.14K","-3.01%"
"03/18/2021","3.69","3.70","3.79","3.61","291.30K","-1.72%"
"03/17/2021","3.76","3.88","3.94","3.65","492.69K","-1.22%"
"03/16/2021","3.80","3.70","3.88","3.59","335.98K","-0.96%"
"03/15/2021","3.84","3.94","4.04","3.61","742.36K","-2.81%"
"03/14/2021","3.95","3.97","4.07","3.82","944.52K","0.00%"
"03/11/2021","3.95","4.03","4.06","3.87","734.58K","-0.70%"
"03/10/2021","3.98","4.00","4.04","3.79","1.34M","-0.46%"
"03/09/2021","4.00","3.86","4.12","3.84","2.02M","3.85%"
"03/08/2021","3.85","3.95","3.95","3.79","561.05K","-1.65%"
"03/07/2021","3.91","3.79","4.02","3.76","908.98K","3.68%"
"03/04/2021","3.77","3.72","3.92","3.61","524.28K","-1.92%"
"03/03/2021","3.85","3.95","4.06","3.66","1.05M","-5.45%"
"03/02/2021","4.07","4.07","4.19","3.95","1.43M","1.38%"
"03/01/2021","4.01","4.06","4.09","3.98","294.68K","-0.69%"
"02/28/2021","4.04","4.09","4.13","3.98","625.16K","-1.58%"
"02/25/2021","4.11","4.20","4.20","4.07","624.59K","-0.89%"
"02/24/2021","4.14","4.07","4.23","4.01","1.22M","0.90%"
"02/23/2021","4.11","4.13","4.17","4.04","1.39M","-0.22%"
"02/22/2021","4.12","4.17","4.24","4.06","1.56M","-3.05%"
"02/21/2021","4.25","4.24","4.34","4.16","2.35M","2.00%"
"02/18/2021","4.16","4.32","4.32","4.08","1.87M","-4.86%"
"02/17/2021","4.38","4.50","4.55","4.18","3.24M","2.60%"
"02/16/2021","4.26","4.01","4.36","4.01","6.50M","7.46%"
"02/15/2021","3.97","3.98","4.09","3.89","1.96M","-1.61%"
"02/14/2021","4.03","4.09","4.11","3.91","1.02M","-1.13%"
"02/11/2021","4.08","4.12","4.16","4.05","763.01K","-1.12%"
"02/10/2021","4.13","4.14","4.20","4.06","791.24K","0.68%"
"02/09/2021","4.10","4.03","4.14","4.03","713.64K","-1.34%"
"02/08/2021","4.15","4.35","4.35","3.99","1.63M","-4.06%"
"02/07/2021","4.33","4.34","4.47","4.23","3.37M","3.31%"
"02/04/2021","4.19","4.03","4.30","4.03","5.13M","4.14%"
"02/03/2021","4.02","4.05","4.09","3.98","710.64K","-0.46%"
"02/02/2021","4.04","4.05","4.12","4.01","1.07M","-0.46%"
"02/01/2021","4.06","4.07","4.13","4.02","1.92M","0.46%"
"01/31/2021","4.04","4.05","4.15","3.98","2.14M","-1.80%"
"01/27/2021","4.12","4.02","4.23","4.02","1.96M","1.60%"
"01/26/2021","4.05","4.11","4.12","4.00","1.34M","-1.79%"
"01/25/2021","4.13","4.16","4.20","4.02","1.19M","-2.41%"
"01/24/2021","4.23","4.25","4.36","4.13","2.65M","0.88%"
"01/21/2021","4.19","4.03","4.42","3.98","5.44M","2.95%"
"01/20/2021","4.07","4.11","4.21","3.88","3.32M","3.29%"
"01/19/2021","3.94","3.64","4.00","3.64","8.07M","8.40%"
"01/18/2021","3.64","3.53","3.72","3.53","3.61M","3.42%"
"01/17/2021","3.51","3.51","3.58","3.46","1.45M","1.88%"
"01/14/2021","3.45","3.49","3.51","3.42","1.15M","0.00%"
"01/13/2021","3.45","3.38","3.51","3.37","816.21K","0.81%"
"01/12/2021","3.42","3.43","3.47","3.39","619.67K","-0.54%"
"01/11/2021","3.44","3.46","3.51","3.39","502.95K","-0.53%"
"01/10/2021","3.46","3.48","3.54","3.42","423.58K","0.00%"
"01/06/2021","3.46","3.48","3.52","3.42","321.91K","-0.53%"
"01/05/2021","3.48","3.35","3.57","3.31","1.14M","3.87%"
"01/04/2021","3.35","3.42","3.42","3.26","391.25K","-1.90%"
"01/03/2021","3.41","3.43","3.48","3.34","494.66K","0.82%"
"12/31/2020","3.39","3.23","3.50","3.23","2.21M","6.09%"
"12/30/2020","3.19","3.27","3.27","3.16","541.45K","-0.58%"
"12/29/2020","3.21","3.24","3.27","3.14","462.48K","-0.29%"
"12/28/2020","3.22","3.12","3.28","3.09","802.58K","3.88%"
"12/27/2020","3.10","3.22","3.22","2.99","470.19K","-2.05%"
"12/24/2020","3.16","3.24","3.24","3.12","349.23K","-0.87%"
"12/23/2020","3.19","3.22","3.24","3.15","255.50K","2.68%"
"12/22/2020","3.11","2.96","3.18","2.96","342.97K","-1.18%"
"12/21/2020","3.14","3.39","3.39","3.13","2.51M","-9.33%"
"12/20/2020","3.47","3.39","3.56","3.39","851.73K","1.90%"
"12/17/2020","3.40","3.47","3.51","3.28","1.93M","-3.92%"
"12/16/2020","3.54","3.55","3.64","3.44","1.60M","0.52%"
"12/15/2020","3.52","3.51","3.58","3.47","1.11M","-1.30%"
"12/14/2020","3.57","3.58","3.65","3.51","1.07M","-1.03%"
"12/13/2020","3.61","3.68","3.72","3.56","1.46M","-2.26%"
"12/10/2020","3.69","3.75","3.81","3.56","2.06M","-0.99%"
"12/09/2020","3.73","3.51","3.81","3.51","6.54M","7.47%"
"12/08/2020","3.47","3.50","3.55","3.41","1.39M","-0.53%"
"12/07/2020","3.49","3.64","3.64","3.42","1.41M","-1.82%"
"12/06/2020","3.55","3.48","3.66","3.38","4.76M","8.17%"
"12/03/2020","3.28","3.14","3.36","3.14","2.18M","2.31%"
"12/02/2020","3.21","3.14","3.28","3.13","1.29M","2.06%"
"12/01/2020","3.14","3.18","3.21","3.08","379.49K","-0.58%"
"11/30/2020","3.16","3.22","3.22","3.14","398.71K","-1.72%"
"11/29/2020","3.22","3.14","3.27","3.13","393.60K","2.35%"
"11/26/2020","3.14","3.16","3.21","3.11","267.40K","-3.13%"
"11/25/2020","3.25","3.35","3.35","3.18","840.92K","-1.13%"
"11/24/2020","3.28","3.30","3.35","3.20","1.07M","0.85%"
"11/23/2020","3.26","3.28","3.30","3.21","680.11K","1.73%"
"11/22/2020","3.20","3.18","3.29","3.14","753.34K","-2.26%"
"11/19/2020","3.27","3.33","3.40","3.17","1.30M","0.00%"
"11/18/2020","3.27","3.15","3.41","3.09","2.93M","5.36%"
"11/17/2020","3.11","3.08","3.16","3.07","1.00M","1.20%"
"11/16/2020","3.07","3.05","3.10","3.03","286.08K","0.61%"
"11/15/2020","3.05","3.11","3.11","3.03","131.45K","-0.60%"
"11/12/2020","3.07","3.05","3.14","3.04","618.55K","-1.48%"
"11/11/2020","3.12","3.10","3.16","3.05","584.33K","0.90%"
"11/10/2020","3.09","3.13","3.14","3.03","529.27K","0.91%"
"11/09/2020","3.06","3.05","3.12","3.00","903.94K","1.53%"
"11/08/2020","3.02","3.01","3.05","2.99","62.53K","-1.81%"
"11/05/2020","3.07","3.05","3.20","3.00","206.45K","0.91%"
"11/04/2020","3.04","2.90","3.12","2.89","1.06M","7.17%"
"11/03/2020","2.84","2.79","2.93","2.77","227.09K","-2.23%"
"11/02/2020","2.90","2.96","3.03","2.68","691.58K","-1.57%"
"11/01/2020","2.95","2.99","3.02","2.93","284.55K","-1.24%"
"10/28/2020","2.99","3.07","3.08","2.96","587.61K","-4.15%"
"10/27/2020","3.12","3.09","3.14","3.07","498.93K","2.12%"
"10/26/2020","3.05","3.04","3.13","2.92","446.27K","1.85%"
"10/25/2020","3.00","2.91","3.05","2.86","598.06K","1.25%"
"10/22/2020","2.96","2.94","3.08","2.84","1.25M","-1.54%"
"10/21/2020","3.01","3.14","3.14","2.87","1.17M","-2.99%"
"10/20/2020","3.10","3.08","3.18","3.05","861.91K","-1.18%"
"10/19/2020","3.14","3.10","3.25","3.02","1.50M","0.59%"
"10/18/2020","3.12","3.20","3.20","3.07","1.21M","-3.16%"
"10/15/2020","3.22","3.32","3.33","3.17","586.49K","-2.52%"
"10/14/2020","3.30","3.33","3.37","3.25","532.84K","0.56%"
"10/13/2020","3.28","3.31","3.36","3.19","1.61M","0.00%"
"10/12/2020","3.28","3.40","3.42","3.14","1.62M","-3.01%"
"10/11/2020","3.39","3.47","3.56","3.33","2.18M","1.39%"
"10/07/2020","3.34","3.25","3.51","3.19","4.44M","4.03%"
"10/06/2020","3.21","3.19","3.36","3.14","1.07M","1.46%"
"10/05/2020","3.16","3.29","3.29","3.10","2.37M","-7.32%"
"10/04/2020","3.41","3.42","3.51","3.27","2.51M","4.24%"
"10/01/2020","3.27","3.13","3.39","3.06","5.29M","6.31%"
"09/30/2020","3.08","3.14","3.19","2.96","4.09M","0.60%"
"09/29/2020","3.06","2.85","3.13","2.79","6.49M","9.60%"
"09/28/2020","2.79","2.82","2.85","2.74","885.12K","-0.33%"
"09/27/2020","2.80","2.84","2.89","2.77","737.24K","-0.66%"
"09/24/2020","2.82","2.78","2.87","2.78","400.10K","-1.61%"
"09/23/2020","2.87","2.88","2.93","2.77","406.32K","1.97%"
"09/22/2020","2.81","2.77","2.88","2.77","588.51K","-0.33%"
"09/21/2020","2.82","2.98","2.98","2.69","658.56K","-3.48%"
"09/20/2020","2.92","2.90","2.98","2.85","1.06M","2.27%"
"09/17/2020","2.86","2.77","2.92","2.75","1.30M","3.34%"
"09/16/2020","2.77","2.74","2.83","2.72","812.29K","2.75%"
"09/15/2020","2.69","2.73","2.74","2.67","209.11K","-1.69%"
"09/14/2020","2.74","2.80","2.81","2.65","556.40K","-2.31%"
"09/13/2020","2.80","2.85","2.87","2.75","362.95K","-7.50%"
"09/10/2020","3.03","2.95","3.09","2.95","347.58K","5.94%"
"09/09/2020","2.86","2.83","2.95","2.73","786.56K","-1.04%"
"09/08/2020","2.89","3.03","3.03","2.81","1.19M","-6.77%"
"09/07/2020","3.10","3.17","3.20","3.01","645.43K","-0.64%"
"09/06/2020","3.12","3.05","3.20","3.05","565.24K","-2.50%"
"09/03/2020","3.20","3.20","3.27","3.15","820.94K","-0.93%"
"09/02/2020","3.23","3.20","3.33","3.17","1.26M","-0.31%"
"09/01/2020","3.24","3.20","3.35","3.16","1.37M","-0.92%"
"08/31/2020","3.27","3.40","3.40","3.19","1.62M","-3.82%"
"08/30/2020","3.40","3.40","3.47","3.34","2.08M","0.89%"
"08/27/2020","3.37","3.38","3.40","3.33","1.27M","-1.75%"
"08/26/2020","3.43","3.49","3.52","3.35","1.48M","0.29%"
"08/25/2020","3.42","3.41","3.50","3.35","1.40M","0.29%"
"08/24/2020","3.41","3.55","3.55","3.34","1.96M","-2.29%"
"08/23/2020","3.49","3.45","3.58","3.40","4.32M","5.12%"
"08/19/2020","3.32","3.20","3.39","3.15","4.87M","7.44%"
"08/18/2020","3.09","3.06","3.19","3.00","4.20M","-0.96%"
"08/17/2020","3.12","3.25","3.29","3.00","1.76M","-4.29%"
"08/16/2020","3.26","3.19","3.33","3.13","1.86M","3.82%"
"08/13/2020","3.14","3.15","3.20","3.07","649.79K","-1.87%"
"08/12/2020","3.20","3.22","3.27","3.12","2.26M","3.90%"
"08/11/2020","3.08","2.97","3.19","2.92","4.47M","6.21%"
"08/10/2020","2.90","2.84","2.96","2.79","4.48M","2.84%"
"08/09/2020","2.82","2.86","2.87","2.79","3.84M","1.81%"
"08/06/2020","2.77","2.73","2.82","2.69","4.30M","3.75%"
"08/05/2020","2.67","2.72","2.72","2.63","676.50K","-2.55%"
"08/04/2020","2.74","2.75","2.78","2.70","439.86K","0.00%"
"07/29/2020","2.74","2.76","2.78","2.70","214.99K","-3.18%"
"07/28/2020","2.83","2.90","2.90","2.75","559.35K","-4.71%"
"07/27/2020","2.97","2.91","3.06","2.86","1.04M","0.00%"
"07/26/2020","2.97","2.88","3.04","2.88","421.78K","-1.89%"
"07/22/2020","3.03","3.08","3.12","2.97","812.60K","4.21%"
"07/21/2020","2.90","2.77","2.98","2.75","2.22M","7.23%"
"07/20/2020","2.71","2.62","2.77","2.62","72.71K","0.00%"
"07/19/2020","2.71","2.77","2.83","2.56","78.43K","-2.06%"
"07/16/2020","2.77","2.82","2.83","2.66","532.39K","3.04%"
"07/15/2020","2.68","2.85","3.01","2.50","908.68K","-3.52%"
"07/14/2020","2.78","2.79","2.90","2.73","321.10K","-4.21%"
"07/13/2020","2.90","2.99","3.02","2.81","905.54K","-3.26%"
"07/12/2020","3.00","3.10","3.10","2.93","955.85K","3.66%"
"07/09/2020","2.90","2.74","2.93","2.69","1.68M","8.56%"
"07/08/2020","2.67","2.69","2.77","2.61","680.21K","0.00%"
"07/07/2020","2.67","2.57","2.76","2.57","551.78K","6.17%"
"07/06/2020","2.51","2.45","2.53","2.37","303.00K","9.22%"
"06/30/2020","2.30","2.31","2.42","2.28","67.19K","-1.74%"
"06/29/2020","2.34","2.44","2.44","2.44","0.06K","0.00%"
"06/28/2020","2.34","2.34","2.36","2.34","3.04K","0.00%"
"06/25/2020","2.34","2.37","2.39","2.30","50.87K","-2.05%"
"06/24/2020","2.39","2.41","2.43","2.37","28.70K","0.00%"
"06/23/2020","2.39","2.38","2.45","2.37","28.62K","-2.98%"
"06/22/2020","2.46","2.52","2.57","2.37","24.80K","0.33%"
"06/21/2020","2.46","2.48","2.49","2.44","92.55K","-1.63%"
"06/18/2020","2.50","2.49","2.57","2.41","44.16K","-0.65%"
"06/16/2020","2.51","2.49","2.53","2.45","201.97K","1.65%"
"06/15/2020","2.47","2.45","2.53","2.41","343.57K","2.02%"
"06/14/2020","2.42","2.45","2.45","2.39","28.80K","-3.26%"
"06/11/2020","2.50","2.47","2.56","2.46","133.58K","0.99%"
"06/10/2020","2.48","2.49","2.51","2.45","33.92K","-1.62%"
"06/08/2020","2.52","2.53","2.57","2.45","70.60K","0.65%"
"06/07/2020","2.50","2.44","2.53","2.37","157.84K","3.72%"
"06/03/2020","2.41","2.41","2.42","2.41","93.83K","9.63%"
"05/21/2020","2.20","2.28","2.28","2.28","2.45K","0.00%"
"05/20/2020","2.20","2.21","2.21","2.20","40.45K","-10.00%"
"05/19/2020","2.45","2.23","2.28","2.21","10.22K","0.00%"
"05/13/2020","2.45","2.33","2.33","2.33","12.26K","0.00%"
"05/12/2020","2.45","2.33","2.33","2.33","0.31K","0.00%"
"05/11/2020","2.45","2.33","2.33","2.33","0.06K","0.00%"
"05/10/2020","2.45","2.28","2.28","2.28","1.23K","0.00%"
"05/07/2020","2.45","2.33","2.60","2.33","9.75K","0.00%"
"05/06/2020","2.45","2.45","2.45","2.45","0.91K","0.00%"
"05/05/2020","2.45","2.45","2.45","2.45","3.06K","0.00%"
"05/04/2020","2.45","2.45","2.45","2.45","24.52K","3.45%"
"05/03/2020","2.37","2.39","2.39","2.37","39.84K","-9.37%"
"04/30/2020","2.61","2.61","2.61","2.61","64.35K","6.67%"
"04/29/2020","2.45","2.52","2.52","2.38","19.34K","0.00%"
"04/28/2020","2.45","2.44","2.45","2.44","80.09K","0.33%"
"04/27/2020","2.44","2.38","2.45","2.33","159.83K","-0.33%"
"04/26/2020","2.45","2.41","2.45","2.41","121.04K","4.17%"
"04/23/2020","2.35","2.17","2.17","2.16","0.88K","0.00%"
"04/16/2020","2.35","2.28","2.28","2.18","6.71K","0.00%"
"04/15/2020","2.35","2.35","2.35","2.35","15.32K","-1.71%"
"04/14/2020","2.39","2.28","2.42","2.28","30.00K","4.64%"
"04/13/2020","2.28","2.28","2.28","2.28","18.39K","0.00%"
"04/12/2020","2.28","2.28","2.29","2.28","50.60K","0.00%"
"04/09/2020","2.28","2.45","2.45","2.24","66.00K","0.72%"
"04/06/2020","2.27","2.26","2.27","2.26","50.56K","9.88%"
"04/05/2020","2.06","2.15","2.16","2.15","10.65K","0.00%"
"04/02/2020","2.06","2.08","2.08","2.08","8.93K","0.00%"
"04/01/2020","2.06","1.89","1.89","1.88","3.38K","0.00%"
"03/31/2020","2.06","2.08","2.08","2.08","7.60K","0.00%"
"03/30/2020","2.06","2.08","2.08","2.08","6.13K","0.00%"
"03/29/2020","2.06","2.04","2.04","2.04","2.89K","0.00%"
"03/26/2020","2.06","2.08","2.10","2.04","21.33K","1.61%"
"03/25/2020","2.03","2.04","2.04","2.04","0.68K","0.00%"
"03/24/2020","2.03","2.04","2.06","2.02","89.54K","-9.45%"
"03/23/2020","2.24","2.23","2.26","2.23","20.84K","4.17%"
"03/22/2020","2.15","2.15","2.15","2.15","0.05K","0.00%"
"03/19/2020","2.15","2.15","2.15","2.15","99.61K","-9.90%"
"03/18/2020","2.39","2.37","2.37","2.15","6.17K","0.00%"
"03/17/2020","2.39","2.40","2.40","2.16","12.87K","0.00%"
"03/16/2020","2.39","2.15","2.15","2.15","0.13K","0.00%"
"03/10/2020","2.39","2.45","2.45","2.37","37.08K","1.03%"
"03/09/2020","2.37","2.37","2.37","2.36","42.31K","-9.66%"
"03/08/2020","2.62","2.47","2.47","2.45","7.35K","0.00%"
"03/05/2020","2.62","2.53","2.61","2.47","8.17K","0.00%"
"03/04/2020","2.62","2.65","2.65","2.65","0.25K","0.00%"
"03/03/2020","2.62","2.61","2.65","2.61","15.87K","2.56%"
"03/02/2020","2.55","2.64","2.64","2.46","12.26K","5.03%"
"03/01/2020","2.43","2.42","2.43","2.42","41.12K","-9.70%"
"02/26/2020","2.69","2.86","2.86","2.86","0.01K","0.00%"
"02/25/2020","2.69","2.70","2.70","2.69","18.61K","0.00%"
"02/24/2020","2.69","2.70","2.70","2.69","18.39K","-5.71%"
"02/23/2020","2.86","2.78","2.81","2.78","5.33K","0.00%"
"02/19/2020","2.86","2.81","2.98","2.81","5.56K","0.00%"
"02/18/2020","2.86","2.94","2.94","2.86","20.54K","-2.78%"
"02/17/2020","2.94","2.99","3.22","2.99","7.35K","0.00%"
"02/16/2020","2.94","2.93","2.94","2.93","12.26K","0.00%"
"02/13/2020","2.94","2.94","2.94","2.94","0.04K","0.00%"
"02/09/2020","2.94","2.94","2.94","2.94","61.29K","0.00%"
"02/06/2020","2.94","2.92","2.92","2.92","1.38K","0.00%"
"02/05/2020","2.94","2.90","2.90","2.90","2.91K","0.00%"
"02/04/2020","2.94","2.93","2.94","2.79","6.74K","0.00%"
"02/03/2020","2.94","2.93","2.93","2.93","0.00K","0.00%"
"02/02/2020","2.94","2.94","2.94","2.94","6.13K","0.00%"
"01/30/2020","2.94","2.94","2.94","2.93","12.26K","2.27%"
"01/29/2020","2.87","2.86","2.86","2.77","9.29K","0.00%"
"01/28/2020","2.87","2.86","2.86","2.86","3.06K","0.00%"
"01/27/2020","2.87","2.95","2.95","2.71","3.68K","0.00%"
"01/23/2020","2.87","2.87","2.95","2.86","13.52K","0.57%"
"01/22/2020","2.86","2.86","2.86","2.86","12.26K","1.74%"
"01/21/2020","2.81","2.69","2.86","2.69","12.87K","-2.27%"
"01/20/2020","2.87","2.75","2.75","2.75","4.92K","0.00%"
"01/19/2020","2.87","2.86","2.86","2.86","1.53K","0.00%"
"01/16/2020","2.87","2.86","2.86","2.86","3.06K","0.00%"
"01/15/2020","2.87","2.80","2.80","2.80","1.84K","0.00%"
"01/14/2020","2.87","2.84","2.90","2.84","11.03K","2.03%"
"01/13/2020","2.81","2.83","2.83","2.77","38.68K","1.17%"
"01/12/2020","2.78","2.81","2.83","2.81","7.98K","0.00%"
"01/09/2020","2.78","2.77","2.81","2.77","44.84K","0.00%"
"01/08/2020","2.78","2.78","2.78","2.78","13.26K","3.33%"
"01/06/2020","2.69","2.61","2.81","2.61","18.08K","0.61%"
"01/05/2020","2.68","2.63","2.69","2.61","88.04K","-1.50%"
"01/02/2020","2.72","2.78","2.83","2.78","9.81K","0.00%"
"12/31/2019","2.72","2.69","2.75","2.69","84.89K","2.46%"
"12/30/2019","2.65","2.65","2.65","2.65","6.13K","0.00%"
"12/29/2019","2.65","2.65","2.65","2.65","7.35K","0.00%"
"12/26/2019","2.65","2.69","2.69","2.68","8.65K","0.00%"
"12/22/2019","2.65","2.58","2.58","2.58","2.57K","0.00%"
"12/19/2019","2.65","2.63","2.67","2.62","19.46K","-1.81%"
"12/18/2019","2.70","2.69","2.69","2.69","3.92K","0.00%"
"12/17/2019","2.70","2.74","2.74","2.73","2.09K","0.00%"
"12/16/2019","2.70","2.66","2.77","2.65","47.61K","1.85%"
"12/15/2019","2.65","2.73","2.73","2.68","10.79K","0.00%"
"12/12/2019","2.65","2.61","2.71","2.56","252.20K","2.20%"
"12/11/2019","2.59","2.59","2.61","2.55","210.80K","4.61%"
"12/10/2019","2.48","2.64","2.67","2.45","95.76K","-4.40%"
"12/09/2019","2.59","2.49","2.61","2.49","120.61K","5.30%"
"12/08/2019","2.46","2.65","2.65","2.65","0.06K","0.00%"
"12/05/2019","2.46","2.43","2.43","2.43","4.90K","0.00%"
"12/03/2019","2.46","2.39","2.39","2.39","1.23K","0.00%"
"12/01/2019","2.46","2.41","2.41","2.41","0.33K","0.00%"
"11/28/2019","2.46","2.45","2.45","2.45","3.63K","0.00%"
"11/26/2019","2.46","2.41","2.41","2.41","6.36K","0.00%"
"11/25/2019","2.46","2.46","2.46","2.44","9.62K","0.00%"
"11/24/2019","2.46","2.47","2.47","2.46","18.39K","-0.33%"
"11/21/2019","2.47","2.58","2.58","2.47","12.13K","1.00%"
"11/20/2019","2.45","2.45","2.46","2.45","26.84K","-5.96%"
"11/19/2019","2.60","2.46","2.46","2.45","9.84K","0.00%"
"11/14/2019","2.60","2.60","2.60","2.60","1.21K","0.00%"
"11/13/2019","2.60","2.61","2.61","2.59","12.26K","0.63%"
"11/12/2019","2.59","2.45","2.61","2.41","36.00K","3.59%"
"11/11/2019","2.50","2.49","2.57","2.49","283.16K","5.15%"
"11/07/2019","2.37","2.37","2.49","2.37","2.55K","0.00%"
"11/06/2019","2.37","2.38","2.45","2.37","6.27K","0.00%"
"11/05/2019","2.37","2.38","2.38","2.35","19.61K","0.00%"
"11/04/2019","2.37","2.45","2.56","2.31","84.82K","-3.32%"
"11/03/2019","2.46","2.47","2.47","2.44","47.00K","-0.33%"
"10/30/2019","2.46","2.47","2.54","2.46","211.94K","0.00%"
"10/28/2019","2.46","2.49","2.49","2.46","4.31K","0.00%"
"10/22/2019","2.46","2.50","2.50","2.46","2.95K","0.00%"
"10/16/2019","2.46","2.69","2.69","2.63","3.06K","0.00%"
"10/13/2019","2.46","2.47","2.47","2.46","12.26K","-9.31%"
"10/09/2019","2.72","2.81","2.81","2.81","0.72K","0.00%"
"10/01/2019","2.72","2.70","2.86","2.70","23.78K","-9.26%"
"09/30/2019","2.99","2.99","3.03","2.99","12.26K","8.58%"
"09/29/2019","2.76","2.76","2.76","2.76","12.26K","9.74%"
"09/26/2019","2.51","2.56","2.56","2.56","3.68K","0.00%"
"09/25/2019","2.51","2.45","2.56","2.45","12.26K","6.21%"
"09/24/2019","2.37","2.37","2.37","2.37","14.69K","-0.34%"
"09/23/2019","2.37","2.50","2.50","2.37","24.21K","3.56%"
"09/22/2019","2.29","2.51","2.51","2.28","18.93K","-8.47%"
"09/19/2019","2.50","2.50","2.65","2.50","143.42K","0.00%"
"09/17/2019","2.50","2.59","2.59","2.47","16.96K","-2.54%"
"09/16/2019","2.57","2.57","2.58","2.57","2.77K","0.00%"
"09/12/2019","2.57","2.62","2.62","2.57","15.13K","-1.87%"
"09/11/2019","2.62","2.68","2.68","2.62","29.25K","0.00%"
"09/10/2019","2.62","2.55","2.55","2.53","3.05K","0.00%"
"09/09/2019","2.62","2.58","2.58","2.55","2.21K","0.00%"
"09/08/2019","2.62","2.69","2.69","2.57","37.07K","0.63%"
"09/05/2019","2.60","2.61","2.61","2.59","22.06K","-5.90%"
"09/04/2019","2.77","2.61","2.61","2.57","7.67K","0.00%"
"09/03/2019","2.77","2.74","2.75","2.61","5.16K","0.00%"
"09/01/2019","2.77","2.69","2.69","2.62","7.89K","0.00%"
"08/29/2019","2.77","2.69","2.69","2.65","5.69K","0.00%"
"08/28/2019","2.77","2.77","2.77","2.73","12.56K","3.67%"
"08/26/2019","2.67","2.67","2.67","2.59","6.50K","0.00%"
"08/25/2019","2.67","2.92","2.94","2.63","25.39K","-2.68%"
"08/22/2019","2.74","2.72","2.77","2.72","48.80K","-1.18%"
"08/21/2019","2.77","2.72","2.72","2.72","1.17K","0.00%"
"08/20/2019","2.77","2.77","2.78","2.72","10.28K","0.00%"
"08/19/2019","2.77","2.77","2.77","2.77","24.52K","0.29%"
"08/18/2019","2.77","2.94","2.94","2.72","11.03K","-2.59%"
"08/15/2019","2.84","2.72","2.86","2.72","6.60K","0.00%"
"08/14/2019","2.84","2.78","2.90","2.78","21.22K","4.19%"
"08/08/2019","2.72","2.69","2.75","2.48","46.65K","8.74%"
"08/07/2019","2.51","2.51","2.52","2.51","9.33K","0.00%"
"08/06/2019","2.51","2.51","2.51","2.51","1.85M","0.00%"
"08/04/2019","2.51","2.51","2.51","2.51","9.77K","0.00%"
"08/01/2019","2.51","2.51","2.51","2.51","11.52M","-4.00%"
"07/30/2019","2.61","2.65","2.65","2.55","13.50K","-0.79%"
"07/29/2019","2.63","2.65","2.74","2.58","19.50K","0.00%"
"07/28/2019","2.63","2.65","2.65","2.63","0.85K","0.00%"
"07/25/2019","2.63","2.63","2.64","2.63","11.49K","2.16%"
"07/24/2019","2.58","2.51","2.51","2.51","1.44K","0.00%"
"07/22/2019","2.58","2.58","2.62","2.58","16.95K","-1.86%"
"07/21/2019","2.62","2.58","2.58","2.48","8.62K","0.00%"
"07/18/2019","2.62","2.64","2.64","2.60","17.24K","0.80%"
"07/17/2019","2.60","2.62","2.62","2.58","17.67K","-0.80%"
"07/16/2019","2.62","2.63","2.63","2.61","11.49K","-0.26%"
"07/15/2019","2.63","2.64","2.64","2.63","17.24K","-0.26%"
"07/11/2019","2.64","2.65","2.65","2.63","14.37K","-0.26%"
"07/10/2019","2.65","2.64","2.65","2.64","13.91K","0.00%"
"07/09/2019","2.65","2.51","2.51","2.51","1.44K","0.00%"
"07/08/2019","2.65","2.65","2.65","2.64","12.93K","0.00%"
"07/04/2019","2.65","2.65","2.65","2.65","15.01K","0.00%"
"07/03/2019","2.65","2.65","2.65","2.65","12.93K","0.00%"
"07/02/2019","2.65","2.65","2.65","2.65","12.93K","0.00%"
"06/27/2019","2.65","2.65","2.65","2.65","15.23K","0.00%"
"06/26/2019","2.65","2.65","2.65","2.65","12.93K","0.00%"
"06/25/2019","2.65","2.65","2.65","2.65","13.79K","0.00%"
"06/24/2019","2.65","2.65","2.65","2.65","20.11K","0.26%"
"06/20/2019","2.64","2.65","2.65","2.51","12.93K","-0.26%"
"06/19/2019","2.65","2.65","2.65","2.65","12.93K","1.33%"
"06/18/2019","2.61","2.65","2.65","2.47","22.74K","-1.83%"
"06/17/2019","2.66","2.67","2.67","2.60","15.45K","0.00%"
"06/16/2019","2.66","2.65","2.65","2.65","4.20K","0.00%"
"06/13/2019","2.66","2.67","2.67","2.65","7.18K","0.00%"
"06/12/2019","2.66","2.78","2.78","2.78","0.29K","0.00%"
"06/11/2019","2.66","2.65","2.68","2.65","11.62K","3.24%"
"06/10/2019","2.58","2.58","2.58","2.58","4.96K","0.00%"
"06/09/2019","2.58","2.57","2.58","2.57","17.77K","0.00%"
"05/30/2019","2.58","2.48","2.62","2.47","5.46K","0.00%"
"05/29/2019","2.58","2.58","2.67","2.58","1.01K","0.00%"
"05/28/2019","2.58","2.58","2.58","2.58","47.80K","0.00%"
"05/27/2019","2.58","2.58","2.58","2.58","21.02K","0.27%"
"05/26/2019","2.57","2.58","2.58","2.55","17.24K","-0.27%"
"05/23/2019","2.58","2.58","2.58","2.58","35.35K","-1.07%"
"05/22/2019","2.60","2.58","2.58","2.54","2.17K","0.00%"
"05/21/2019","2.60","2.58","2.58","2.58","9.47K","0.00%"
"05/16/2019","2.60","2.61","2.61","2.44","23.85K","-0.80%"
"05/15/2019","2.62","2.79","2.79","2.61","30.17K","-9.16%"
"05/13/2019","2.89","2.90","2.90","2.89","7.00K","0.00%"
"05/12/2019","2.89","2.90","2.90","2.90","2.87K","0.00%"
"05/08/2019","2.89","3.07","3.07","2.88","30.10K","-9.78%"
"05/07/2019","3.20","3.09","3.09","3.09","4.31K","0.00%"
"05/06/2019","3.20","3.20","3.20","3.13","21.49K","0.22%"
"05/05/2019","3.19","3.20","3.20","3.13","14.37K","-2.13%"
"05/02/2019","3.26","3.27","3.27","3.20","9.19K","-3.89%"
"04/30/2019","3.40","3.34","3.45","3.34","17.80K","8.44%"
"04/23/2019","3.13","3.15","3.15","3.13","10.32K","-7.41%"
"04/22/2019","3.38","3.15","3.15","3.15","1.17K","0.00%"
"04/21/2019","3.38","3.31","3.40","3.31","139.23K","0.00%"
"04/18/2019","3.38","3.41","3.41","3.34","13.72K","-0.82%"
"04/17/2019","3.41","3.32","3.47","3.16","7.90K","0.00%"
"04/16/2019","3.41","3.33","3.33","3.32","1.26K","0.00%"
"04/15/2019","3.41","3.39","3.48","3.39","20.25K","6.52%"
"04/14/2019","3.20","3.27","3.27","3.27","2.87K","0.00%"
"04/11/2019","3.20","3.23","3.36","3.14","5.12K","0.00%"
"04/09/2019","3.20","3.00","3.17","2.97","3.39K","0.00%"
"04/08/2019","3.20","3.31","3.31","3.13","11.31K","-7.82%"
"04/07/2019","3.47","3.47","3.48","3.43","15.17K","-0.60%"
"04/04/2019","3.49","3.46","3.47","3.46","4.69K","0.00%"
"04/03/2019","3.49","3.49","3.49","3.48","5.45K","0.00%"
"04/02/2019","3.49","3.55","3.58","3.55","1.44K","0.00%"
"04/01/2019","3.49","3.49","3.49","3.49","3.68K","0.00%"
"03/31/2019","3.49","3.52","3.52","3.48","19.51K","-0.20%"
"03/28/2019","3.50","3.52","3.52","3.48","14.03K","-0.40%"
"03/27/2019","3.52","3.56","3.68","3.48","63.21K","-3.99%"
"03/26/2019","3.66","3.54","3.58","3.52","5.83K","0.00%"
"03/25/2019","3.66","3.65","3.69","3.54","11.80K","2.94%"
"03/24/2019","3.56","3.62","3.62","3.49","32.47K","-2.11%"
"03/21/2019","3.63","3.54","3.54","3.54","3.82K","0.00%"
"03/20/2019","3.63","3.53","3.53","3.53","0.57K","0.00%"
"03/19/2019","3.63","3.65","3.65","3.52","33.16K","0.77%"
"03/18/2019","3.61","3.66","3.66","3.56","12.09K","-5.13%"
"03/17/2019","3.80","3.66","3.66","3.66","0.36K","0.00%"
"03/14/2019","3.80","3.66","3.66","3.66","0.62K","0.00%"
"03/13/2019","3.80","3.66","3.66","3.66","1.15K","0.00%"
"03/12/2019","3.80","3.56","3.90","3.56","133.75K","5.41%"
"03/11/2019","3.61","3.62","3.68","3.62","5.04K","0.00%"
"03/10/2019","3.61","3.69","3.69","3.56","15.04K","1.57%"
"03/07/2019","3.55","3.55","3.56","3.55","10.42K","0.20%"
"03/06/2019","3.54","3.54","3.55","3.54","6.90K","0.00%"
"03/05/2019","3.54","3.54","3.62","3.52","19.24K","0.79%"
"03/04/2019","3.52","3.52","3.55","3.49","10.22K","-2.32%"
"03/03/2019","3.60","4.01","4.01","3.45","55.94K","-6.17%"
"02/28/2019","3.84","3.83","3.83","3.81","4.88K","0.00%"
"02/27/2019","3.84","3.86","4.00","3.86","5.05K","0.00%"
"02/21/2019","3.84","3.97","3.97","3.80","46.69K","-4.17%"
"02/20/2019","4.00","3.97","4.04","3.88","18.39K","4.74%"
"02/19/2019","3.82","3.79","3.80","3.79","6.84K","0.00%"
"02/18/2019","3.82","3.83","3.90","3.70","19.59K","-0.90%"
"02/17/2019","3.86","3.79","3.90","3.77","10.54K","2.59%"
"02/14/2019","3.76","3.81","3.86","3.69","26.89K","-3.23%"
"02/13/2019","3.88","3.80","3.90","3.80","491.21K","-0.18%"
"02/12/2019","3.89","3.84","3.84","3.84","2.77K","0.00%"
"02/11/2019","3.89","3.87","3.89","3.83","5.49K","0.00%"
"02/10/2019","3.89","3.90","3.90","3.87","9.32K","-0.36%"
"02/07/2019","3.90","3.90","4.02","3.89","24.37K","-0.71%"
"02/06/2019","3.93","3.87","3.89","3.87","7.49K","0.00%"
"02/05/2019","3.93","3.93","3.93","3.93","22.83K","-0.70%"
"01/31/2019","3.96","4.04","4.11","3.83","60.83K","2.15%"
"01/30/2019","3.88","3.85","4.00","3.84","13.27K","-5.11%"
"01/29/2019","4.09","4.11","4.11","3.84","7.75K","-0.84%"
"01/28/2019","4.12","3.97","3.97","3.97","1.29K","0.00%"
"01/23/2019","4.12","4.03","4.17","3.90","18.43K","8.23%"
"01/22/2019","3.81","3.81","3.84","3.79","13.93K","-8.07%"
"01/21/2019","4.14","3.90","3.90","3.81","3.38K","0.00%"
"01/20/2019","4.14","3.90","3.90","3.90","1.27K","0.00%"
"01/13/2019","4.14","3.91","3.93","3.90","4.27K","0.00%"
"01/09/2019","4.14","3.97","3.97","3.95","4.40K","0.00%"
"01/08/2019","4.14","4.16","4.16","3.97","0.94K","0.00%"
"01/06/2019","4.14","4.16","4.17","4.16","2.84K","0.00%"
"01/03/2019","4.14","3.90","3.91","3.90","7.18K","0.00%"
"01/02/2019","4.14","3.97","3.97","3.97","2.50K","0.00%"
"12/31/2018","4.14","4.11","4.18","3.90","70.65K","3.84%"
"12/30/2018","3.99","3.89","4.02","3.89","21.55K","2.69%"
"12/27/2018","3.88","3.80","4.02","3.63","23.30K","4.69%"
"12/26/2018","3.71","3.62","3.81","3.58","15.08K","1.52%"
"12/25/2018","3.65","3.56","3.63","3.56","4.21K","0.00%"
"12/24/2018","3.65","3.62","3.63","3.62","6.02K","0.00%"
"12/23/2018","3.65","3.63","3.63","3.63","0.72K","0.00%"
"12/20/2018","3.65","3.69","3.69","3.63","11.02K","-5.23%"
"12/19/2018","3.86","3.86","3.87","3.86","7.82K","5.12%"
"12/17/2018","3.67","3.69","3.69","3.67","6.60K","0.00%"
"12/16/2018","3.67","3.85","3.85","3.63","66.40K","-5.72%"
"12/13/2018","3.89","4.11","4.11","3.83","134.48K","-5.73%"
"12/12/2018","4.13","4.09","4.15","4.09","29.45K","1.72%"
"12/10/2018","4.06","3.90","4.14","3.90","14.83K","5.05%"
"12/09/2018","3.86","3.65","4.03","3.57","32.49K","-1.42%"
"12/06/2018","3.92","3.62","4.03","3.62","22.27K","6.23%"
"12/05/2018","3.69","3.69","3.69","3.69","2.15K","0.00%"
"12/04/2018","3.69","3.69","3.69","3.68","11.49K","-3.64%"
"12/03/2018","3.83","3.90","3.90","3.90","2.15K","0.00%"
"12/02/2018","3.83","3.84","3.84","3.83","21.21K","-2.48%"
"11/29/2018","3.93","4.00","4.00","3.90","8.08K","-1.74%"
"11/27/2018","4.00","3.84","4.08","3.84","15.80K","1.95%"
"11/26/2018","3.92","3.90","3.92","3.90","8.80K","-6.01%"
"11/25/2018","4.17","3.90","3.97","3.90","5.46K","0.00%"
"11/22/2018","4.17","4.18","4.23","3.97","33.69K","-0.17%"
"11/15/2018","4.18","3.95","4.25","3.95","8.98K","6.19%"
"11/13/2018","3.93","3.83","3.93","3.83","14.37K","2.73%"
"11/12/2018","3.83","3.83","3.86","3.83","346.83K","1.48%"
"11/11/2018","3.77","3.83","3.83","3.70","3.94K","0.00%"
"11/08/2018","3.77","3.76","3.83","3.76","19.73K","0.37%"
"11/07/2018","3.76","3.76","3.77","3.76","16.38K","0.00%"
"11/06/2018","3.76","3.76","3.77","3.76","14.37K","3.25%"
"11/05/2018","3.64","3.63","3.65","3.63","11.83K","-0.76%"
"11/04/2018","3.67","3.70","3.70","3.70","0.03K","0.00%"
"11/01/2018","3.67","3.65","3.69","3.65","57.41K","4.98%"
"10/31/2018","3.49","3.49","3.65","3.48","59.45K","1.83%"
"10/30/2018","3.43","3.65","3.65","3.49","2.87K","0.00%"
"10/28/2018","3.43","3.48","3.52","3.38","13.29K","-3.14%"
"10/24/2018","3.54","3.38","3.69","3.38","214.17K","4.95%"
"10/23/2018","3.38","3.20","3.45","3.20","28.73K","7.78%"
"10/22/2018","3.13","3.20","3.20","3.20","0.14K","0.00%"
"10/21/2018","3.13","3.17","3.17","3.08","15.80K","-3.02%"
"10/18/2018","3.23","3.24","3.24","3.19","2.87K","0.00%"
"10/17/2018","3.23","3.24","3.27","3.17","54.57K","-7.20%"
"10/16/2018","3.48","3.40","3.40","3.24","6.03K","0.00%"
"10/15/2018","3.48","3.41","3.41","3.41","1.44K","0.00%"
"10/14/2018","3.48","3.62","3.62","3.22","8.92K","2.67%"
"10/11/2018","3.39","3.25","3.43","3.25","14.37K","8.46%"
"10/10/2018","3.13","3.13","3.13","3.12","39.94K","3.46%"
"10/09/2018","3.02","3.03","3.03","2.92","42.46K","-2.47%"
"10/08/2018","3.10","3.06","3.13","2.93","10.18K","-1.11%"
"10/04/2018","3.13","3.14","3.14","3.13","87.92K","-2.60%"
"10/03/2018","3.22","3.26","3.27","3.14","10.06K","-6.29%"
"10/02/2018","3.43","3.37","3.41","3.13","3.94K","0.00%"
"10/01/2018","3.43","3.10","3.10","3.10","0.50K","0.00%"
"09/30/2018","3.43","3.27","3.47","3.21","10.22K","5.12%"
"09/26/2018","3.26","3.26","3.48","3.20","203.43K","0.00%"
"09/25/2018","3.26","3.31","3.32","3.08","31.41K","0.86%"
"09/23/2018","3.24","3.03","3.32","3.03","2.14K","0.00%"
"09/20/2018","3.24","3.25","3.37","2.96","13.18K","-1.27%"
"09/19/2018","3.28","3.55","3.55","3.21","9.49K","-8.01%"
"09/18/2018","3.56","3.62","3.62","3.55","16.36K","-1.54%"
"09/17/2018","3.62","3.56","3.57","3.56","2.15K","0.00%"
"09/16/2018","3.62","3.62","3.68","3.62","57.09K","0.00%"
"09/13/2018","3.62","3.62","3.62","3.62","13.65K","0.00%"
"09/12/2018","3.62","3.60","3.63","3.59","50.30K","-4.41%"
"09/09/2018","3.79","3.83","3.83","3.83","0.01K","0.00%"
"09/05/2018","3.79","3.78","3.86","3.78","0.45K","0.00%"
"09/04/2018","3.79","3.64","3.89","3.64","20.13K","-0.91%"
"09/03/2018","3.82","3.79","3.79","3.77","5.03K","0.00%"
"09/02/2018","3.82","3.83","3.88","3.76","39.15K","0.18%"
"08/30/2018","3.81","3.76","3.86","3.76","30.46K","2.43%"
"08/29/2018","3.72","3.65","3.79","3.65","67.49K","2.29%"
"08/28/2018","3.64","3.62","3.68","3.56","27.58K","1.16%"
"08/27/2018","3.60","3.52","3.69","3.48","51.93K","-1.15%"
"08/26/2018","3.64","3.67","3.67","3.67","0.17K","0.00%"
"08/19/2018","3.64","3.51","3.51","3.51","0.39K","0.00%"
"08/15/2018","3.64","3.66","3.72","3.55","12.04K","-3.33%"
"08/14/2018","3.77","3.55","3.61","3.55","2.87K","0.00%"
"08/13/2018","3.77","3.52","3.62","3.49","7.23K","0.00%"
"08/12/2018","3.77","3.62","3.62","3.61","5.75K","0.00%"
"08/09/2018","3.77","3.65","3.80","3.65","37.98K","6.29%"
"08/08/2018","3.54","3.54","3.62","3.52","36.53K","-2.12%"
"08/07/2018","3.62","3.69","3.69","3.55","4.31K","0.00%"
"08/06/2018","3.62","3.69","3.75","3.56","9.55K","2.77%"
"08/05/2018","3.52","3.54","3.54","3.49","13.76K","-2.32%"
"08/02/2018","3.61","3.53","3.54","3.53","2.87K","0.00%"
"08/01/2018","3.61","3.58","3.69","3.58","31.75K","2.98%"
"07/31/2018","3.50","3.55","3.55","3.48","15.08K","-2.90%"
"07/30/2018","3.61","3.65","3.65","3.49","25.25K","1.77%"
"07/29/2018","3.54","3.74","3.74","3.48","32.74K","-0.78%"
"07/26/2018","3.57","3.55","3.55","3.48","2.20K","0.00%"
"07/25/2018","3.57","3.57","3.58","3.57","8.98K","-6.39%"
"07/22/2018","3.81","3.65","3.65","3.65","1.44K","0.00%"
"07/19/2018","3.81","3.67","3.67","3.67","0.72K","0.00%"
"07/18/2018","3.81","3.79","3.86","3.76","3.52M","0.00%"
"07/17/2018","3.81","3.62","3.83","3.49","74.99K","-0.36%"
"07/16/2018","3.83","3.65","3.66","3.65","5.13K","0.00%"
"07/15/2018","3.83","3.83","3.83","3.66","2.22K","0.00%"
"07/12/2018","3.83","3.79","3.86","3.79","16.70K","0.00%"
"07/11/2018","3.83","3.66","4.04","3.66","206.20K","0.00%"
"07/10/2018","3.83","3.79","3.79","3.65","6.35K","0.00%"
"07/09/2018","3.83","3.83","3.83","3.81","3.59K","0.00%"
"07/08/2018","3.83","3.83","3.83","3.83","10.02K","-19.16%"
"07/05/2018","4.74","4.83","4.83","4.69","40.93K","-2.79%"
"07/04/2018","4.87","4.88","4.95","4.86","32.26K","-1.56%"
"07/03/2018","4.95","4.96","5.03","4.91","41.40K","-3.00%"
"07/02/2018","5.10","5.12","5.12","5.03","7.03K","0.00%"
"06/28/2018","5.10","5.02","5.12","5.00","20.86K","-0.84%"
"06/27/2018","5.14","5.07","5.08","5.07","1.39K","0.00%"
"06/26/2018","5.14","5.11","5.12","5.06","3.69K","0.00%"
"06/25/2018","5.14","5.20","5.20","5.12","5.98K","-0.33%"
"06/24/2018","5.16","5.12","5.25","5.12","28.48K","0.82%"
"06/21/2018","5.12","5.12","5.20","5.04","6.19K","-0.49%"
"06/20/2018","5.14","5.25","5.25","5.12","39.40K","-1.15%"
"06/19/2018","5.20","5.20","5.20","5.20","20.68K","0.33%"
"06/14/2018","5.19","5.19","5.45","5.16","4.54K","0.00%"
"06/13/2018","5.19","5.20","5.32","5.12","14.16K","0.66%"
"06/12/2018","5.15","5.33","5.33","5.12","5.57K","0.00%"
"06/11/2018","5.15","5.17","5.44","5.12","33.91K","0.00%"
"06/10/2018","5.15","5.32","5.32","5.14","15.11K","0.17%"
"06/07/2018","5.14","5.25","5.32","4.86","10.44K","1.52%"
"06/06/2018","5.07","5.25","5.25","5.02","8.95K","-6.91%"
"06/05/2018","5.44","5.20","5.43","5.14","4.10K","0.00%"
"06/04/2018","5.44","5.49","5.63","5.38","6.47K","-2.30%"
"06/03/2018","5.57","5.58","5.58","5.58","3.52K","0.00%"
"05/31/2018","5.57","5.72","5.72","5.47","14.48K","-3.40%"
"05/30/2018","5.77","5.81","5.81","5.64","69.34K","-0.74%"
"05/29/2018","5.81","5.83","5.83","5.80","32.82K","-0.29%"
"05/28/2018","5.83","5.72","5.97","5.72","89.48K","2.55%"
"05/27/2018","5.68","5.72","5.79","5.63","12.14K","-2.90%"
"05/24/2018","5.85","5.90","5.91","5.73","9.64K","3.46%"
"05/23/2018","5.66","5.80","5.80","5.63","76.89K","-1.05%"
"05/22/2018","5.72","5.72","5.88","5.68","9.27K","-3.74%"
"05/21/2018","5.94","5.73","5.73","5.72","4.34K","0.00%"
"05/20/2018","5.94","5.92","5.92","5.92","2.11K","0.00%"
"05/17/2018","5.94","5.90","5.97","5.90","12.07K","3.74%"
"05/16/2018","5.72","5.93","5.93","5.68","1.58K","0.00%"
"05/15/2018","5.72","5.73","5.73","5.69","5.81K","-0.45%"
"05/14/2018","5.75","5.76","5.93","5.72","25.63K","-1.32%"
"05/13/2018","5.83","6.02","6.02","5.79","29.45K","-0.87%"
"05/10/2018","5.88","5.97","5.97","5.80","66.83K","-1.85%"
"05/09/2018","5.99","5.99","6.03","5.91","21.58K","-0.56%"
"05/08/2018","6.02","6.06","6.23","5.97","63.12K","-0.99%"
"05/07/2018","6.08","6.36","6.36","5.98","97.92K","-0.56%"
"05/06/2018","6.12","6.17","6.31","6.07","49.61K","-4.02%"
"05/03/2018","6.37","6.27","6.45","6.25","347.24K","2.20%"
"05/02/2018","6.24","6.06","6.31","6.04","151.64K","2.80%"
"04/30/2018","6.07","5.99","6.14","5.98","66.61K","1.00%"
"04/29/2018","6.01","6.01","6.14","5.99","22.09K","-1.40%"
"04/26/2018","6.09","5.99","6.31","5.97","75.82K","0.28%"
"04/24/2018","6.07","6.14","6.14","6.06","89.80K","-1.11%"
"04/23/2018","6.14","6.14","6.20","6.10","2.23K","0.00%"
"04/22/2018","6.14","6.23","6.27","6.05","95.99K","-1.65%"
"04/19/2018","6.25","6.23","6.53","6.14","111.40K","-0.67%"
"04/18/2018","6.29","6.50","6.50","6.14","117.40K","-8.00%"
"04/17/2018","6.84","6.87","6.90","6.78","305.82K","0.89%"
"04/16/2018","6.78","6.66","6.83","6.66","41.32K","2.06%"
"04/15/2018","6.64","6.57","6.81","6.57","19.56K","-2.63%"
"04/12/2018","6.82","6.80","6.90","6.66","58.94K","1.40%"
"04/11/2018","6.72","6.75","6.82","6.62","44.23K","0.37%"
"04/10/2018","6.70","6.83","6.83","6.60","119.43K","-1.88%"
"04/05/2018","6.83","6.70","6.90","6.70","94.93K","2.43%"
"04/04/2018","6.66","6.75","6.75","6.57","63.13K","-1.75%"
"04/03/2018","6.78","6.87","6.87","6.76","30.20K","-0.63%"
"04/02/2018","6.83","7.00","7.00","6.75","109.33K","-0.36%"
"04/01/2018","6.85","6.84","6.86","6.84","16.41K","-0.87%"
"03/29/2018","6.91","6.89","7.08","6.78","386.63K","1.25%"
"03/28/2018","6.83","6.86","6.86","6.78","48.03K","-2.56%"
"03/27/2018","7.01","6.70","7.24","6.70","265.67K","2.88%"
"03/26/2018","6.81","6.85","6.85","6.70","40.38K","-0.61%"
"03/25/2018","6.85","7.00","7.00","6.79","374.85K","-3.14%"
"03/22/2018","7.07","6.84","7.17","6.83","314.84K","2.60%"
"03/21/2018","6.89","6.83","7.08","6.72","193.54K","1.50%"
"03/20/2018","6.79","6.86","6.91","6.66","74.46K","-0.99%"
"03/19/2018","6.86","6.93","6.93","6.83","54.50K","-0.87%"
"03/18/2018","6.92","7.13","7.16","6.84","103.07K","-1.58%"
"03/15/2018","7.03","6.81","7.25","6.81","443.10K","4.18%"
"03/14/2018","6.75","6.96","6.96","6.58","402.22K","-3.18%"
"03/13/2018","6.97","7.01","7.08","6.89","298.09K","-0.61%"
"03/12/2018","7.01","6.99","7.16","6.96","115.91K","-0.83%"
"03/11/2018","7.07","7.25","7.25","7.03","114.73K","-1.31%"
"03/08/2018","7.17","6.95","7.25","6.94","622.53K","2.43%"
"03/07/2018","7.00","7.02","7.08","6.83","402.32K","-0.36%"
"03/06/2018","7.02","6.97","7.08","6.87","451.58K","0.98%"
"03/05/2018","6.95","6.84","7.02","6.83","160.64K","0.49%"
"03/04/2018","6.92","7.07","7.08","6.78","154.07K","-2.29%"
"03/01/2018","7.08","7.07","7.21","6.83","563.37K","2.59%"
"02/28/2018","6.90","7.06","7.07","6.83","307.69K","-2.87%"
"02/27/2018","7.11","7.00","7.25","6.98","629.47K","4.12%"
"02/26/2018","6.83","6.62","6.95","6.57","1.06M","2.43%"
"02/25/2018","6.66","6.74","6.74","6.60","49.69K","-0.88%"
"02/22/2018","6.72","6.56","6.83","6.56","477.65K","3.54%"
"02/21/2018","6.49","6.71","6.73","6.26","234.79K","-2.07%"
"02/20/2018","6.63","6.66","6.69","6.49","239.46K","-1.65%"
"02/19/2018","6.74","6.73","6.83","6.58","406.62K","3.01%"
"02/18/2018","6.54","6.38","6.70","6.36","1.15M","3.51%"
"02/15/2018","6.32","6.21","6.39","6.21","373.15K","2.20%"
"02/14/2018","6.19","6.19","6.19","6.07","91.66K","0.28%"
"02/13/2018","6.17","6.31","6.31","6.06","104.65K","0.28%"
"02/12/2018","6.15","6.23","6.26","6.01","93.32K","-0.28%"
"02/11/2018","6.17","6.14","6.27","6.08","38.09K","-0.15%"